Employees,,,,
Chief Financial Officer,Randy Watson,rwatson,rwatson@soulglo.com,192.168.30.231
CEO,Jaffe Joffer,jjoffer,jjoffer@soulglo.com,192.168.30.232
Head of Sales,Darryl Jenks,djenks,djenks@soulglo.com,192.168.30.233
Customer Service Leader,Aoleon Sinclair,asinclair,asinclair@soulglo.com,192.168.30.234
Community Relations Director,Lisa McDowell,lmcdowell,lmcdowell@soulglo.com,192.168.30.235
Business Development,Imani Izzi,iizzi,iizzi@soulglo.com,192.168.30.236
Chief Marketing Manager,Randolph Duke,rrduke,rduke@soulglo.com,192.168.30.237